[
  {
    "model": "admin.logentry",
    "pk": 1,
    "fields": {
      "action_time": "2024-08-14T05:01:47.427Z",
      "user": 1,
      "content_type": 8,
      "object_id": "2",
      "object_repr": "sayildar17",
      "action_flag": 1,
      "change_message": "[{\"added\": {}}]"
    }
  },
  {
    "model": "admin.logentry",
    "pk": 2,
    "fields": {
      "action_time": "2024-08-14T05:02:24.195Z",
      "user": 1,
      "content_type": 8,
      "object_id": "2",
      "object_repr": "sayildar17",
      "action_flag": 3,
      "change_message": ""
    }
  },
  {
    "model": "admin.logentry",
    "pk": 3,
    "fields": {
      "action_time": "2024-08-14T05:16:18.964Z",
      "user": 1,
      "content_type": 8,
      "object_id": "3",
      "object_repr": "sayildar17",
      "action_flag": 1,
      "change_message": "[{\"added\": {}}]"
    }
  },
  {
    "model": "admin.logentry",
    "pk": 4,
    "fields": {
      "action_time": "2024-08-14T05:16:54.986Z",
      "user": 1,
      "content_type": 8,
      "object_id": "3",
      "object_repr": "sayildar17",
      "action_flag": 3,
      "change_message": ""
    }
  },
  {
    "model": "admin.logentry",
    "pk": 5,
    "fields": {
      "action_time": "2024-08-14T05:18:06.700Z",
      "user": 1,
      "content_type": 8,
      "object_id": "4",
      "object_repr": "sayildar",
      "action_flag": 1,
      "change_message": "[{\"added\": {}}]"
    }
  },
  {
    "model": "admin.logentry",
    "pk": 6,
    "fields": {
      "action_time": "2024-08-14T08:16:21.146Z",
      "user": 1,
      "content_type": 8,
      "object_id": "4",
      "object_repr": "Ильдар ",
      "action_flag": 2,
      "change_message": "[{\"changed\": {\"fields\": [\"User type\"]}}]"
    }
  },
  {
    "model": "admin.logentry",
    "pk": 7,
    "fields": {
      "action_time": "2024-08-14T08:16:59.673Z",
      "user": 1,
      "content_type": 8,
      "object_id": "4",
      "object_repr": "Ильдар ",
      "action_flag": 2,
      "change_message": "[{\"changed\": {\"fields\": [\"User type\"]}}]"
    }
  },
  {
    "model": "admin.logentry",
    "pk": 8,
    "fields": {
      "action_time": "2024-08-22T04:32:43.750Z",
      "user": 1,
      "content_type": 9,
      "object_id": "1",
      "object_repr": "Учтепинский район",
      "action_flag": 1,
      "change_message": "[{\"added\": {}}]"
    }
  },
  {
    "model": "admin.logentry",
    "pk": 9,
    "fields": {
      "action_time": "2024-08-22T04:32:52.712Z",
      "user": 1,
      "content_type": 9,
      "object_id": "2",
      "object_repr": "Бектемирский район",
      "action_flag": 1,
      "change_message": "[{\"added\": {}}]"
    }
  },
  {
    "model": "admin.logentry",
    "pk": 10,
    "fields": {
      "action_time": "2024-08-22T04:33:00.462Z",
      "user": 1,
      "content_type": 9,
      "object_id": "3",
      "object_repr": "Мирзо-Улугбекский район",
      "action_flag": 1,
      "change_message": "[{\"added\": {}}]"
    }
  },
  {
    "model": "admin.logentry",
    "pk": 11,
    "fields": {
      "action_time": "2024-08-22T04:33:08.222Z",
      "user": 1,
      "content_type": 9,
      "object_id": "4",
      "object_repr": "Мирабадский район",
      "action_flag": 1,
      "change_message": "[{\"added\": {}}]"
    }
  },
  {
    "model": "admin.logentry",
    "pk": 12,
    "fields": {
      "action_time": "2024-08-22T04:33:15.085Z",
      "user": 1,
      "content_type": 9,
      "object_id": "5",
      "object_repr": "Сергелийский район",
      "action_flag": 1,
      "change_message": "[{\"added\": {}}]"
    }
  },
  {
    "model": "admin.logentry",
    "pk": 13,
    "fields": {
      "action_time": "2024-08-22T04:33:22.185Z",
      "user": 1,
      "content_type": 9,
      "object_id": "6",
      "object_repr": "Алмзарский район",
      "action_flag": 1,
      "change_message": "[{\"added\": {}}]"
    }
  },
  {
    "model": "admin.logentry",
    "pk": 14,
    "fields": {
      "action_time": "2024-08-22T04:33:28.667Z",
      "user": 1,
      "content_type": 9,
      "object_id": "7",
      "object_repr": "Чиланзарский район",
      "action_flag": 1,
      "change_message": "[{\"added\": {}}]"
    }
  },
  {
    "model": "admin.logentry",
    "pk": 15,
    "fields": {
      "action_time": "2024-08-22T04:33:35.076Z",
      "user": 1,
      "content_type": 9,
      "object_id": "8",
      "object_repr": "Шайхантаурский район",
      "action_flag": 1,
      "change_message": "[{\"added\": {}}]"
    }
  },
  {
    "model": "admin.logentry",
    "pk": 16,
    "fields": {
      "action_time": "2024-08-22T04:33:42.812Z",
      "user": 1,
      "content_type": 9,
      "object_id": "9",
      "object_repr": "Юнусабадский район",
      "action_flag": 1,
      "change_message": "[{\"added\": {}}]"
    }
  },
  {
    "model": "admin.logentry",
    "pk": 17,
    "fields": {
      "action_time": "2024-08-22T04:33:49.586Z",
      "user": 1,
      "content_type": 9,
      "object_id": "10",
      "object_repr": "Яккасарайский район",
      "action_flag": 1,
      "change_message": "[{\"added\": {}}]"
    }
  },
  {
    "model": "admin.logentry",
    "pk": 18,
    "fields": {
      "action_time": "2024-08-22T04:33:56.013Z",
      "user": 1,
      "content_type": 9,
      "object_id": "11",
      "object_repr": "Яшнабадский район",
      "action_flag": 1,
      "change_message": "[{\"added\": {}}]"
    }
  },
  {
    "model": "admin.logentry",
    "pk": 19,
    "fields": {
      "action_time": "2024-08-22T04:34:02.701Z",
      "user": 1,
      "content_type": 9,
      "object_id": "12",
      "object_repr": "Янгихаётский район",
      "action_flag": 1,
      "change_message": "[{\"added\": {}}]"
    }
  },
  {
    "model": "admin.logentry",
    "pk": 20,
    "fields": {
      "action_time": "2024-08-22T04:37:51.066Z",
      "user": 1,
      "content_type": 10,
      "object_id": "1",
      "object_repr": "Объявление 1",
      "action_flag": 1,
      "change_message": "[{\"added\": {}}, {\"added\": {\"name\": \"advertisement gallery\", \"object\": \"AdvertisementGallery object (1)\"}}, {\"added\": {\"name\": \"advertisement gallery\", \"object\": \"AdvertisementGallery object (2)\"}}]"
    }
  },
  {
    "model": "admin.logentry",
    "pk": 21,
    "fields": {
      "action_time": "2024-08-22T05:52:50.199Z",
      "user": 1,
      "content_type": 12,
      "object_id": "1",
      "object_repr": "Квартиры",
      "action_flag": 1,
      "change_message": "[{\"added\": {}}]"
    }
  },
  {
    "model": "admin.logentry",
    "pk": 22,
    "fields": {
      "action_time": "2024-08-22T05:52:53.515Z",
      "user": 1,
      "content_type": 12,
      "object_id": "2",
      "object_repr": "Новостройки",
      "action_flag": 1,
      "change_message": "[{\"added\": {}}]"
    }
  },
  {
    "model": "admin.logentry",
    "pk": 23,
    "fields": {
      "action_time": "2024-08-22T05:52:55.569Z",
      "user": 1,
      "content_type": 12,
      "object_id": "3",
      "object_repr": "Дома",
      "action_flag": 1,
      "change_message": "[{\"added\": {}}]"
    }
  },
  {
    "model": "admin.logentry",
    "pk": 24,
    "fields": {
      "action_time": "2024-08-22T05:53:12.115Z",
      "user": 1,
      "content_type": 12,
      "object_id": "4",
      "object_repr": "Коммерческая",
      "action_flag": 1,
      "change_message": "[{\"added\": {}}]"
    }
  },
  {
    "model": "admin.logentry",
    "pk": 25,
    "fields": {
      "action_time": "2024-08-22T05:53:21.500Z",
      "user": 1,
      "content_type": 10,
      "object_id": "1",
      "object_repr": "Объявление 1",
      "action_flag": 2,
      "change_message": "[{\"changed\": {\"fields\": [\"\\u041a\\u0430\\u0442\\u0435\\u0433\\u043e\\u0440\\u0438\\u044f\"]}}]"
    }
  },
  {
    "model": "admin.logentry",
    "pk": 26,
    "fields": {
      "action_time": "2024-08-22T06:42:10.602Z",
      "user": 1,
      "content_type": 10,
      "object_id": "2",
      "object_repr": "Объявление 2",
      "action_flag": 1,
      "change_message": "[{\"added\": {}}]"
    }
  },
  {
    "model": "admin.logentry",
    "pk": 27,
    "fields": {
      "action_time": "2024-08-25T06:14:52.573Z",
      "user": 1,
      "content_type": 9,
      "object_id": "12",
      "object_repr": "Янгихаётский район",
      "action_flag": 2,
      "change_message": "[{\"changed\": {\"fields\": [\"Slug\"]}}]"
    }
  },
  {
    "model": "admin.logentry",
    "pk": 28,
    "fields": {
      "action_time": "2024-08-25T06:14:57.075Z",
      "user": 1,
      "content_type": 9,
      "object_id": "11",
      "object_repr": "Яшнабадский район",
      "action_flag": 2,
      "change_message": "[{\"changed\": {\"fields\": [\"Slug\"]}}]"
    }
  },
  {
    "model": "admin.logentry",
    "pk": 29,
    "fields": {
      "action_time": "2024-08-25T06:15:00.601Z",
      "user": 1,
      "content_type": 9,
      "object_id": "10",
      "object_repr": "Яккасарайский район",
      "action_flag": 2,
      "change_message": "[{\"changed\": {\"fields\": [\"Slug\"]}}]"
    }
  },
  {
    "model": "admin.logentry",
    "pk": 30,
    "fields": {
      "action_time": "2024-08-25T06:15:04.335Z",
      "user": 1,
      "content_type": 9,
      "object_id": "9",
      "object_repr": "Юнусабадский район",
      "action_flag": 2,
      "change_message": "[{\"changed\": {\"fields\": [\"Slug\"]}}]"
    }
  },
  {
    "model": "admin.logentry",
    "pk": 31,
    "fields": {
      "action_time": "2024-08-25T06:15:07.626Z",
      "user": 1,
      "content_type": 9,
      "object_id": "8",
      "object_repr": "Шайхантаурский район",
      "action_flag": 2,
      "change_message": "[{\"changed\": {\"fields\": [\"Slug\"]}}]"
    }
  },
  {
    "model": "admin.logentry",
    "pk": 32,
    "fields": {
      "action_time": "2024-08-25T06:15:11.255Z",
      "user": 1,
      "content_type": 9,
      "object_id": "7",
      "object_repr": "Чиланзарский район",
      "action_flag": 2,
      "change_message": "[{\"changed\": {\"fields\": [\"Slug\"]}}]"
    }
  },
  {
    "model": "admin.logentry",
    "pk": 33,
    "fields": {
      "action_time": "2024-08-25T06:15:14.572Z",
      "user": 1,
      "content_type": 9,
      "object_id": "6",
      "object_repr": "Алмзарский район",
      "action_flag": 2,
      "change_message": "[{\"changed\": {\"fields\": [\"Slug\"]}}]"
    }
  },
  {
    "model": "admin.logentry",
    "pk": 34,
    "fields": {
      "action_time": "2024-08-25T06:15:17.097Z",
      "user": 1,
      "content_type": 9,
      "object_id": "6",
      "object_repr": "Алмзарский район",
      "action_flag": 2,
      "change_message": "[]"
    }
  },
  {
    "model": "admin.logentry",
    "pk": 35,
    "fields": {
      "action_time": "2024-08-25T06:15:20.354Z",
      "user": 1,
      "content_type": 9,
      "object_id": "5",
      "object_repr": "Сергелийский район",
      "action_flag": 2,
      "change_message": "[{\"changed\": {\"fields\": [\"Slug\"]}}]"
    }
  },
  {
    "model": "admin.logentry",
    "pk": 36,
    "fields": {
      "action_time": "2024-08-25T06:15:23.555Z",
      "user": 1,
      "content_type": 9,
      "object_id": "4",
      "object_repr": "Мирабадский район",
      "action_flag": 2,
      "change_message": "[{\"changed\": {\"fields\": [\"Slug\"]}}]"
    }
  },
  {
    "model": "admin.logentry",
    "pk": 37,
    "fields": {
      "action_time": "2024-08-25T06:15:26.099Z",
      "user": 1,
      "content_type": 9,
      "object_id": "4",
      "object_repr": "Мирабадский район",
      "action_flag": 2,
      "change_message": "[]"
    }
  },
  {
    "model": "admin.logentry",
    "pk": 38,
    "fields": {
      "action_time": "2024-08-25T06:15:28.799Z",
      "user": 1,
      "content_type": 9,
      "object_id": "3",
      "object_repr": "Мирзо-Улугбекский район",
      "action_flag": 2,
      "change_message": "[{\"changed\": {\"fields\": [\"Slug\"]}}]"
    }
  },
  {
    "model": "admin.logentry",
    "pk": 39,
    "fields": {
      "action_time": "2024-08-25T06:15:31.948Z",
      "user": 1,
      "content_type": 9,
      "object_id": "2",
      "object_repr": "Бектемирский район",
      "action_flag": 2,
      "change_message": "[{\"changed\": {\"fields\": [\"Slug\"]}}]"
    }
  },
  {
    "model": "admin.logentry",
    "pk": 40,
    "fields": {
      "action_time": "2024-08-25T06:15:35.100Z",
      "user": 1,
      "content_type": 9,
      "object_id": "1",
      "object_repr": "Учтепинский район",
      "action_flag": 2,
      "change_message": "[{\"changed\": {\"fields\": [\"Slug\"]}}]"
    }
  },
  {
    "model": "admin.logentry",
    "pk": 41,
    "fields": {
      "action_time": "2024-08-25T12:44:38.451Z",
      "user": 1,
      "content_type": 12,
      "object_id": "1",
      "object_repr": "Квартиры",
      "action_flag": 2,
      "change_message": "[{\"changed\": {\"fields\": [\"Slug\"]}}]"
    }
  },
  {
    "model": "admin.logentry",
    "pk": 42,
    "fields": {
      "action_time": "2024-08-25T12:44:42.320Z",
      "user": 1,
      "content_type": 12,
      "object_id": "3",
      "object_repr": "Дома",
      "action_flag": 2,
      "change_message": "[{\"changed\": {\"fields\": [\"Slug\"]}}]"
    }
  },
  {
    "model": "admin.logentry",
    "pk": 43,
    "fields": {
      "action_time": "2024-08-25T12:44:45.674Z",
      "user": 1,
      "content_type": 12,
      "object_id": "2",
      "object_repr": "Новостройки",
      "action_flag": 2,
      "change_message": "[{\"changed\": {\"fields\": [\"Slug\"]}}]"
    }
  },
  {
    "model": "admin.logentry",
    "pk": 44,
    "fields": {
      "action_time": "2024-08-25T12:44:48.031Z",
      "user": 1,
      "content_type": 12,
      "object_id": "1",
      "object_repr": "Квартиры",
      "action_flag": 2,
      "change_message": "[]"
    }
  },
  {
    "model": "admin.logentry",
    "pk": 45,
    "fields": {
      "action_time": "2024-08-25T12:44:50.242Z",
      "user": 1,
      "content_type": 12,
      "object_id": "2",
      "object_repr": "Новостройки",
      "action_flag": 2,
      "change_message": "[]"
    }
  },
  {
    "model": "admin.logentry",
    "pk": 46,
    "fields": {
      "action_time": "2024-08-25T12:44:52.982Z",
      "user": 1,
      "content_type": 12,
      "object_id": "3",
      "object_repr": "Дома",
      "action_flag": 2,
      "change_message": "[]"
    }
  },
  {
    "model": "admin.logentry",
    "pk": 47,
    "fields": {
      "action_time": "2024-08-25T12:44:55.921Z",
      "user": 1,
      "content_type": 12,
      "object_id": "4",
      "object_repr": "Коммерческая",
      "action_flag": 2,
      "change_message": "[{\"changed\": {\"fields\": [\"Slug\"]}}]"
    }
  },
  {
    "model": "admin.logentry",
    "pk": 48,
    "fields": {
      "action_time": "2024-09-03T08:58:21.162Z",
      "user": 1,
      "content_type": 8,
      "object_id": "5",
      "object_repr": "Zafar Umerov",
      "action_flag": 1,
      "change_message": "[{\"added\": {}}]"
    }
  },
  {
    "model": "admin.logentry",
    "pk": 49,
    "fields": {
      "action_time": "2024-09-06T08:52:27.880Z",
      "user": 1,
      "content_type": 10,
      "object_id": "15",
      "object_repr": "asdf",
      "action_flag": 1,
      "change_message": "[{\"added\": {}}]"
    }
  },
  {
    "model": "admin.logentry",
    "pk": 50,
    "fields": {
      "action_time": "2024-09-08T05:31:44.454Z",
      "user": 1,
      "content_type": 8,
      "object_id": "4",
      "object_repr": "Ильдар ",
      "action_flag": 2,
      "change_message": "[{\"changed\": {\"fields\": [\"User permissions\"]}}]"
    }
  },
  {
    "model": "admin.logentry",
    "pk": 51,
    "fields": {
      "action_time": "2024-09-10T08:41:41.670Z",
      "user": 1,
      "content_type": 8,
      "object_id": "4",
      "object_repr": "Ильдар ",
      "action_flag": 2,
      "change_message": "[{\"changed\": {\"fields\": [\"User type\"]}}]"
    }
  },
  {
    "model": "admin.logentry",
    "pk": 52,
    "fields": {
      "action_time": "2024-09-10T09:36:30.327Z",
      "user": 1,
      "content_type": 8,
      "object_id": "4",
      "object_repr": "Ильдар ",
      "action_flag": 2,
      "change_message": "[{\"changed\": {\"fields\": [\"User type\"]}}]"
    }
  },
  {
    "model": "admin.logentry",
    "pk": 53,
    "fields": {
      "action_time": "2024-09-17T04:59:29.541Z",
      "user": 1,
      "content_type": 10,
      "object_id": "33",
      "object_repr": "nononononon",
      "action_flag": 2,
      "change_message": "[{\"changed\": {\"fields\": [\"\\u0422\\u0438\\u043f \\u043e\\u043f\\u0435\\u0440\\u0430\\u0446\\u0438\\u0438\"]}}]"
    }
  },
  {
    "model": "admin.logentry",
    "pk": 54,
    "fields": {
      "action_time": "2024-09-17T04:59:35.198Z",
      "user": 1,
      "content_type": 10,
      "object_id": "30",
      "object_repr": "new title for this shit",
      "action_flag": 2,
      "change_message": "[{\"changed\": {\"fields\": [\"\\u0422\\u0438\\u043f \\u043e\\u043f\\u0435\\u0440\\u0430\\u0446\\u0438\\u0438\"]}}]"
    }
  },
  {
    "model": "admin.logentry",
    "pk": 55,
    "fields": {
      "action_time": "2024-09-17T04:59:39.223Z",
      "user": 1,
      "content_type": 10,
      "object_id": "25",
      "object_repr": "333",
      "action_flag": 2,
      "change_message": "[{\"changed\": {\"fields\": [\"\\u0422\\u0438\\u043f \\u043e\\u043f\\u0435\\u0440\\u0430\\u0446\\u0438\\u0438\"]}}]"
    }
  },
  {
    "model": "admin.logentry",
    "pk": 56,
    "fields": {
      "action_time": "2024-09-17T04:59:43.193Z",
      "user": 1,
      "content_type": 10,
      "object_id": "24",
      "object_repr": "22",
      "action_flag": 2,
      "change_message": "[{\"changed\": {\"fields\": [\"\\u0422\\u0438\\u043f \\u043e\\u043f\\u0435\\u0440\\u0430\\u0446\\u0438\\u0438\"]}}]"
    }
  },
  {
    "model": "admin.logentry",
    "pk": 57,
    "fields": {
      "action_time": "2024-09-17T04:59:47.876Z",
      "user": 1,
      "content_type": 10,
      "object_id": "22",
      "object_repr": "zxcv",
      "action_flag": 2,
      "change_message": "[{\"changed\": {\"fields\": [\"\\u0422\\u0438\\u043f \\u043e\\u043f\\u0435\\u0440\\u0430\\u0446\\u0438\\u0438\"]}}]"
    }
  },
  {
    "model": "auth.permission",
    "pk": 1,
    "fields": {
      "name": "Can add log entry",
      "content_type": 1,
      "codename": "add_logentry"
    }
  },
  {
    "model": "auth.permission",
    "pk": 2,
    "fields": {
      "name": "Can change log entry",
      "content_type": 1,
      "codename": "change_logentry"
    }
  },
  {
    "model": "auth.permission",
    "pk": 3,
    "fields": {
      "name": "Can delete log entry",
      "content_type": 1,
      "codename": "delete_logentry"
    }
  },
  {
    "model": "auth.permission",
    "pk": 4,
    "fields": {
      "name": "Can view log entry",
      "content_type": 1,
      "codename": "view_logentry"
    }
  },
  {
    "model": "auth.permission",
    "pk": 5,
    "fields": {
      "name": "Can add permission",
      "content_type": 2,
      "codename": "add_permission"
    }
  },
  {
    "model": "auth.permission",
    "pk": 6,
    "fields": {
      "name": "Can change permission",
      "content_type": 2,
      "codename": "change_permission"
    }
  },
  {
    "model": "auth.permission",
    "pk": 7,
    "fields": {
      "name": "Can delete permission",
      "content_type": 2,
      "codename": "delete_permission"
    }
  },
  {
    "model": "auth.permission",
    "pk": 8,
    "fields": {
      "name": "Can view permission",
      "content_type": 2,
      "codename": "view_permission"
    }
  },
  {
    "model": "auth.permission",
    "pk": 9,
    "fields": {
      "name": "Can add group",
      "content_type": 3,
      "codename": "add_group"
    }
  },
  {
    "model": "auth.permission",
    "pk": 10,
    "fields": {
      "name": "Can change group",
      "content_type": 3,
      "codename": "change_group"
    }
  },
  {
    "model": "auth.permission",
    "pk": 11,
    "fields": {
      "name": "Can delete group",
      "content_type": 3,
      "codename": "delete_group"
    }
  },
  {
    "model": "auth.permission",
    "pk": 12,
    "fields": {
      "name": "Can view group",
      "content_type": 3,
      "codename": "view_group"
    }
  },
  {
    "model": "auth.permission",
    "pk": 13,
    "fields": {
      "name": "Can add content type",
      "content_type": 4,
      "codename": "add_contenttype"
    }
  },
  {
    "model": "auth.permission",
    "pk": 14,
    "fields": {
      "name": "Can change content type",
      "content_type": 4,
      "codename": "change_contenttype"
    }
  },
  {
    "model": "auth.permission",
    "pk": 15,
    "fields": {
      "name": "Can delete content type",
      "content_type": 4,
      "codename": "delete_contenttype"
    }
  },
  {
    "model": "auth.permission",
    "pk": 16,
    "fields": {
      "name": "Can view content type",
      "content_type": 4,
      "codename": "view_contenttype"
    }
  },
  {
    "model": "auth.permission",
    "pk": 17,
    "fields": {
      "name": "Can add session",
      "content_type": 5,
      "codename": "add_session"
    }
  },
  {
    "model": "auth.permission",
    "pk": 18,
    "fields": {
      "name": "Can change session",
      "content_type": 5,
      "codename": "change_session"
    }
  },
  {
    "model": "auth.permission",
    "pk": 19,
    "fields": {
      "name": "Can delete session",
      "content_type": 5,
      "codename": "delete_session"
    }
  },
  {
    "model": "auth.permission",
    "pk": 20,
    "fields": {
      "name": "Can view session",
      "content_type": 5,
      "codename": "view_session"
    }
  },
  {
    "model": "auth.permission",
    "pk": 21,
    "fields": {
      "name": "Can add Token",
      "content_type": 6,
      "codename": "add_token"
    }
  },
  {
    "model": "auth.permission",
    "pk": 22,
    "fields": {
      "name": "Can change Token",
      "content_type": 6,
      "codename": "change_token"
    }
  },
  {
    "model": "auth.permission",
    "pk": 23,
    "fields": {
      "name": "Can delete Token",
      "content_type": 6,
      "codename": "delete_token"
    }
  },
  {
    "model": "auth.permission",
    "pk": 24,
    "fields": {
      "name": "Can view Token",
      "content_type": 6,
      "codename": "view_token"
    }
  },
  {
    "model": "auth.permission",
    "pk": 25,
    "fields": {
      "name": "Can add Token",
      "content_type": 7,
      "codename": "add_tokenproxy"
    }
  },
  {
    "model": "auth.permission",
    "pk": 26,
    "fields": {
      "name": "Can change Token",
      "content_type": 7,
      "codename": "change_tokenproxy"
    }
  },
  {
    "model": "auth.permission",
    "pk": 27,
    "fields": {
      "name": "Can delete Token",
      "content_type": 7,
      "codename": "delete_tokenproxy"
    }
  },
  {
    "model": "auth.permission",
    "pk": 28,
    "fields": {
      "name": "Can view Token",
      "content_type": 7,
      "codename": "view_tokenproxy"
    }
  },
  {
    "model": "auth.permission",
    "pk": 29,
    "fields": {
      "name": "Can add user",
      "content_type": 8,
      "codename": "add_user"
    }
  },
  {
    "model": "auth.permission",
    "pk": 30,
    "fields": {
      "name": "Can change user",
      "content_type": 8,
      "codename": "change_user"
    }
  },
  {
    "model": "auth.permission",
    "pk": 31,
    "fields": {
      "name": "Can delete user",
      "content_type": 8,
      "codename": "delete_user"
    }
  },
  {
    "model": "auth.permission",
    "pk": 32,
    "fields": {
      "name": "Can view user",
      "content_type": 8,
      "codename": "view_user"
    }
  },
  {
    "model": "auth.permission",
    "pk": 33,
    "fields": {
      "name": "Can add Район",
      "content_type": 9,
      "codename": "add_district"
    }
  },
  {
    "model": "auth.permission",
    "pk": 34,
    "fields": {
      "name": "Can change Район",
      "content_type": 9,
      "codename": "change_district"
    }
  },
  {
    "model": "auth.permission",
    "pk": 35,
    "fields": {
      "name": "Can delete Район",
      "content_type": 9,
      "codename": "delete_district"
    }
  },
  {
    "model": "auth.permission",
    "pk": 36,
    "fields": {
      "name": "Can view Район",
      "content_type": 9,
      "codename": "view_district"
    }
  },
  {
    "model": "auth.permission",
    "pk": 37,
    "fields": {
      "name": "Can add Объявление",
      "content_type": 10,
      "codename": "add_advertisement"
    }
  },
  {
    "model": "auth.permission",
    "pk": 38,
    "fields": {
      "name": "Can change Объявление",
      "content_type": 10,
      "codename": "change_advertisement"
    }
  },
  {
    "model": "auth.permission",
    "pk": 39,
    "fields": {
      "name": "Can delete Объявление",
      "content_type": 10,
      "codename": "delete_advertisement"
    }
  },
  {
    "model": "auth.permission",
    "pk": 40,
    "fields": {
      "name": "Can view Объявление",
      "content_type": 10,
      "codename": "view_advertisement"
    }
  },
  {
    "model": "auth.permission",
    "pk": 41,
    "fields": {
      "name": "Can add advertisement gallery",
      "content_type": 11,
      "codename": "add_advertisementgallery"
    }
  },
  {
    "model": "auth.permission",
    "pk": 42,
    "fields": {
      "name": "Can change advertisement gallery",
      "content_type": 11,
      "codename": "change_advertisementgallery"
    }
  },
  {
    "model": "auth.permission",
    "pk": 43,
    "fields": {
      "name": "Can delete advertisement gallery",
      "content_type": 11,
      "codename": "delete_advertisementgallery"
    }
  },
  {
    "model": "auth.permission",
    "pk": 44,
    "fields": {
      "name": "Can view advertisement gallery",
      "content_type": 11,
      "codename": "view_advertisementgallery"
    }
  },
  {
    "model": "auth.permission",
    "pk": 45,
    "fields": {
      "name": "Can add Категория",
      "content_type": 12,
      "codename": "add_category"
    }
  },
  {
    "model": "auth.permission",
    "pk": 46,
    "fields": {
      "name": "Can change Категория",
      "content_type": 12,
      "codename": "change_category"
    }
  },
  {
    "model": "auth.permission",
    "pk": 47,
    "fields": {
      "name": "Can delete Категория",
      "content_type": 12,
      "codename": "delete_category"
    }
  },
  {
    "model": "auth.permission",
    "pk": 48,
    "fields": {
      "name": "Can view Категория",
      "content_type": 12,
      "codename": "view_category"
    }
  },
  {
    "model": "auth.permission",
    "pk": 49,
    "fields": {
      "name": "Can add Заявка пользователя",
      "content_type": 13,
      "codename": "add_userrequest"
    }
  },
  {
    "model": "auth.permission",
    "pk": 50,
    "fields": {
      "name": "Can change Заявка пользователя",
      "content_type": 13,
      "codename": "change_userrequest"
    }
  },
  {
    "model": "auth.permission",
    "pk": 51,
    "fields": {
      "name": "Can delete Заявка пользователя",
      "content_type": 13,
      "codename": "delete_userrequest"
    }
  },
  {
    "model": "auth.permission",
    "pk": 52,
    "fields": {
      "name": "Can view Заявка пользователя",
      "content_type": 13,
      "codename": "view_userrequest"
    }
  },
  {
    "model": "auth.permission",
    "pk": 53,
    "fields": {
      "name": "Can add Объявление для модерации",
      "content_type": 14,
      "codename": "add_advertisementrequestformoderation"
    }
  },
  {
    "model": "auth.permission",
    "pk": 54,
    "fields": {
      "name": "Can change Объявление для модерации",
      "content_type": 14,
      "codename": "change_advertisementrequestformoderation"
    }
  },
  {
    "model": "auth.permission",
    "pk": 55,
    "fields": {
      "name": "Can delete Объявление для модерации",
      "content_type": 14,
      "codename": "delete_advertisementrequestformoderation"
    }
  },
  {
    "model": "auth.permission",
    "pk": 56,
    "fields": {
      "name": "Can view Объявление для модерации",
      "content_type": 14,
      "codename": "view_advertisementrequestformoderation"
    }
  },
  {
    "model": "contenttypes.contenttype",
    "pk": 1,
    "fields": {
      "app_label": "admin",
      "model": "logentry"
    }
  },
  {
    "model": "contenttypes.contenttype",
    "pk": 2,
    "fields": {
      "app_label": "auth",
      "model": "permission"
    }
  },
  {
    "model": "contenttypes.contenttype",
    "pk": 3,
    "fields": {
      "app_label": "auth",
      "model": "group"
    }
  },
  {
    "model": "contenttypes.contenttype",
    "pk": 4,
    "fields": {
      "app_label": "contenttypes",
      "model": "contenttype"
    }
  },
  {
    "model": "contenttypes.contenttype",
    "pk": 5,
    "fields": {
      "app_label": "sessions",
      "model": "session"
    }
  },
  {
    "model": "contenttypes.contenttype",
    "pk": 6,
    "fields": {
      "app_label": "authtoken",
      "model": "token"
    }
  },
  {
    "model": "contenttypes.contenttype",
    "pk": 7,
    "fields": {
      "app_label": "authtoken",
      "model": "tokenproxy"
    }
  },
  {
    "model": "contenttypes.contenttype",
    "pk": 8,
    "fields": {
      "app_label": "users",
      "model": "user"
    }
  },
  {
    "model": "contenttypes.contenttype",
    "pk": 9,
    "fields": {
      "app_label": "api",
      "model": "district"
    }
  },
  {
    "model": "contenttypes.contenttype",
    "pk": 10,
    "fields": {
      "app_label": "api",
      "model": "advertisement"
    }
  },
  {
    "model": "contenttypes.contenttype",
    "pk": 11,
    "fields": {
      "app_label": "api",
      "model": "advertisementgallery"
    }
  },
  {
    "model": "contenttypes.contenttype",
    "pk": 12,
    "fields": {
      "app_label": "api",
      "model": "category"
    }
  },
  {
    "model": "contenttypes.contenttype",
    "pk": 13,
    "fields": {
      "app_label": "api",
      "model": "userrequest"
    }
  },
  {
    "model": "contenttypes.contenttype",
    "pk": 14,
    "fields": {
      "app_label": "api",
      "model": "advertisementrequestformoderation"
    }
  },
  {
    "model": "sessions.session",
    "pk": "e173axa1nkeogexy6cmjaet01l4nn0ay",
    "fields": {
      "session_data": ".eJxVjDsOwjAQRO_iGlnxP6akzxmstXeNA8iR4qRC3J1YSgGaauY9zZsF2LcS9kZrmJFdmWCX3y1CelLtAB9Q7wtPS93WOfKu8JM2Pi1Ir9vp_h0UaKXfejQkIGmflTQqUk5CSX_EWa3l4MEN9mhxBGs8KhRakjI4eoWUjWOfL8MTNvI:1sqPUX:u5zjCOstC6dRc7vMb-5O1PEVL4tf28bFh_RFUpz0pkA",
      "expire_date": "2024-10-01T04:07:05.411Z"
    }
  },
  {
    "model": "sessions.session",
    "pk": "h84wn9ah7rzktahjbvspzuzp7m7cskyo",
    "fields": {
      "session_data": ".eJxVjDsOwjAQRO_iGlnxP6akzxmstXeNA8iR4qRC3J1YSgGaauY9zZsF2LcS9kZrmJFdmWCX3y1CelLtAB9Q7wtPS93WOfKu8JM2Pi1Ir9vp_h0UaKXfejQkIGmflTQqUk5CSX_EWa3l4MEN9mhxBGs8KhRakjI4eoWUjWOfL8MTNvI:1sjAWf:CWW8jIUxMEqu727Xo8UYrgWZT4oTfigCMe982cn_f6o",
      "expire_date": "2024-09-11T04:43:21.250Z"
    }
  },
  {
    "model": "sessions.session",
    "pk": "k72x43ohi5eysluan80uurdt0423zti8",
    "fields": {
      "session_data": ".eJxVjDsOwjAQRO_iGlnxP6akzxmstXeNA8iR4qRC3J1YSgGaauY9zZsF2LcS9kZrmJFdmWCX3y1CelLtAB9Q7wtPS93WOfKu8JM2Pi1Ir9vp_h0UaKXfejQkIGmflTQqUk5CSX_EWa3l4MEN9mhxBGs8KhRakjI4eoWUjWOfL8MTNvI:1se5It:QUufTUOJpBSH1hCxPaCOi-C_cZVVDJfKtxJT8EPmpO8",
      "expire_date": "2024-08-28T04:08:07.596Z"
    }
  },
  {
    "model": "sessions.session",
    "pk": "phgaj2pa5n78bobu8gd8cm71cjc3ogt6",
    "fields": {
      "session_data": ".eJxVjDsOwjAQRO_iGlnxP6akzxmstXeNA8iR4qRC3J1YSgGaauY9zZsF2LcS9kZrmJFdmWCX3y1CelLtAB9Q7wtPS93WOfKu8JM2Pi1Ir9vp_h0UaKXfejQkIGmflTQqUk5CSX_EWa3l4MEN9mhxBGs8KhRakjI4eoWUjWOfL8MTNvI:1sgzTA:JVOmW4If7oUIYr4YJI800HJOigv3mbxJzi32ndm_glM",
      "expire_date": "2024-09-05T04:30:44.856Z"
    }
  },
  {
    "model": "sessions.session",
    "pk": "qdi3x9rpj490g5r08gkdfwruhev3dmp7",
    "fields": {
      "session_data": ".eJxVjDsOwjAQRO_iGlnxP6akzxmstXeNA8iR4qRC3J1YSgGaauY9zZsF2LcS9kZrmJFdmWCX3y1CelLtAB9Q7wtPS93WOfKu8JM2Pi1Ir9vp_h0UaKXfejQkIGmflTQqUk5CSX_EWa3l4MEN9mhxBGs8KhRakjI4eoWUjWOfL8MTNvI:1sjdKG:M69-oE8EHNt1SfmUKpvT5E2FdQCuvmwS4vc7uIGdbk0",
      "expire_date": "2024-09-12T11:28:28.464Z"
    }
  },
  {
    "model": "sessions.session",
    "pk": "topptcq6m4zkgkb176kplt9ddn6t7n0s",
    "fields": {
      "session_data": ".eJxVjDsOwjAQRO_iGlnxP6akzxmstXeNA8iR4qRC3J1YSgGaauY9zZsF2LcS9kZrmJFdmWCX3y1CelLtAB9Q7wtPS93WOfKu8JM2Pi1Ir9vp_h0UaKXfejQkIGmflTQqUk5CSX_EWa3l4MEN9mhxBGs8KhRakjI4eoWUjWOfL8MTNvI:1slOvf:8mfzaE_eeEcJzMa8X78GBCG1dMAPCxeOmhGJR4NIeHI",
      "expire_date": "2024-09-17T08:30:23.767Z"
    }
  },
  {
    "model": "sessions.session",
    "pk": "vtbhd41cizgi4j1hfu3dkdg0r9mzzk4i",
    "fields": {
      "session_data": ".eJxVjDsOwjAQRO_iGlnxP6akzxmstXeNA8iR4qRC3J1YSgGaauY9zZsF2LcS9kZrmJFdmWCX3y1CelLtAB9Q7wtPS93WOfKu8JM2Pi1Ir9vp_h0UaKXfejQkIGmflTQqUk5CSX_EWa3l4MEN9mhxBGs8KhRakjI4eoWUjWOfL8MTNvI:1smUSg:km28ZIq0-gnAYYjiJGtpUkNDRy8i67itjiEddIrtJwg",
      "expire_date": "2024-09-20T08:36:58.917Z"
    }
  },
  {
    "model": "users.user",
    "pk": 1,
    "fields": {
      "password": "pbkdf2_sha256$600000$9xAq4WuxPvdznWy4qejddm$0X1pi2sBdwFUjA9tG81WbtWRx9m9M9aoacWI7cLQRNA=",
      "last_login": "2024-09-17T04:07:05.410Z",
      "is_superuser": true,
      "username": "admin",
      "first_name": "",
      "last_name": "",
      "email": "admin@gmail.com",
      "is_staff": true,
      "is_active": true,
      "date_joined": "2024-08-14T04:04:36.688Z",
      "phone_number": null,
      "tg_username": null,
      "status": null,
      "user_type": null,
      "photo": "",
      "groups": [],
      "user_permissions": []
    }
  },
  {
    "model": "users.user",
    "pk": 4,
    "fields": {
      "password": "pbkdf2_sha256$600000$xUhRgu6vQXpKJGDwmTfgHf$U0YfMfP1boo2ZPVmpIFwOhAyt37c3NMiX3XoDV1hlyE=",
      "last_login": null,
      "is_superuser": false,
      "username": "sayildar",
      "first_name": "Ильдар",
      "last_name": "",
      "email": "",
      "is_staff": false,
      "is_active": true,
      "date_joined": "2024-08-14T05:18:06Z",
      "phone_number": "998900375350",
      "tg_username": "sayildar",
      "status": null,
      "user_type": "group_director",
      "photo": "",
      "groups": [],
      "user_permissions": [
        37,
        38,
        39,
        40,
        41,
        42,
        43,
        44
      ]
    }
  },
  {
    "model": "users.user",
    "pk": 5,
    "fields": {
      "password": "pbkdf2_sha256$600000$4oH4iZrzKFG8WxYEBVT7vP$OZkmC/sdeykJWr/DlhsQzqAL4jKIMOyM5WBFefuJZnI=",
      "last_login": null,
      "is_superuser": false,
      "username": "umerov_zafar",
      "first_name": "Zafar",
      "last_name": "Umerov",
      "email": "",
      "is_staff": false,
      "is_active": true,
      "date_joined": "2024-09-03T08:58:20.993Z",
      "phone_number": "998900000000",
      "tg_username": "umerov_zafar",
      "status": null,
      "user_type": "group_director",
      "photo": "",
      "groups": [],
      "user_permissions": []
    }
  },
  {
    "model": "api.category",
    "pk": 1,
    "fields": {
      "name": "Квартиры",
      "slug": "kvartiry"
    }
  },
  {
    "model": "api.category",
    "pk": 2,
    "fields": {
      "name": "Новостройки",
      "slug": "novostrojki"
    }
  },
  {
    "model": "api.category",
    "pk": 3,
    "fields": {
      "name": "Дома",
      "slug": "doma"
    }
  },
  {
    "model": "api.category",
    "pk": 4,
    "fields": {
      "name": "Коммерческая",
      "slug": "kommercheskaya"
    }
  },
  {
    "model": "api.district",
    "pk": 1,
    "fields": {
      "name": "Учтепинский район",
      "slug": "uchtepinskij-rajon"
    }
  },
  {
    "model": "api.district",
    "pk": 2,
    "fields": {
      "name": "Бектемирский район",
      "slug": "bektemirskij-rajon"
    }
  },
  {
    "model": "api.district",
    "pk": 3,
    "fields": {
      "name": "Мирзо-Улугбекский район",
      "slug": "mirzo-ulugbekskij-rajon"
    }
  },
  {
    "model": "api.district",
    "pk": 4,
    "fields": {
      "name": "Мирабадский район",
      "slug": "mirabadskij-rajon"
    }
  },
  {
    "model": "api.district",
    "pk": 5,
    "fields": {
      "name": "Сергелийский район",
      "slug": "sergelijskij-rajon"
    }
  },
  {
    "model": "api.district",
    "pk": 6,
    "fields": {
      "name": "Алмзарский район",
      "slug": "almzarskij-rajon"
    }
  },
  {
    "model": "api.district",
    "pk": 7,
    "fields": {
      "name": "Чиланзарский район",
      "slug": "chilanzarskij-rajon"
    }
  },
  {
    "model": "api.district",
    "pk": 8,
    "fields": {
      "name": "Шайхантаурский район",
      "slug": "shajhantaurskij-rajon"
    }
  },
  {
    "model": "api.district",
    "pk": 9,
    "fields": {
      "name": "Юнусабадский район",
      "slug": "yunusabadskij-rajon"
    }
  },
  {
    "model": "api.district",
    "pk": 10,
    "fields": {
      "name": "Яккасарайский район",
      "slug": "yakkasarajskij-rajon"
    }
  },
  {
    "model": "api.district",
    "pk": 11,
    "fields": {
      "name": "Яшнабадский район",
      "slug": "yashnabadskij-rajon"
    }
  },
  {
    "model": "api.district",
    "pk": 12,
    "fields": {
      "name": "Янгихаётский район",
      "slug": "yangihayotskij-rajon"
    }
  },
  {
    "model": "api.advertisementrequestformoderation",
    "pk": 1,
    "fields": {
      "user": 4,
      "advertisement": 15,
      "is_moderated": false
    }
  },
  {
    "model": "api.advertisementrequestformoderation",
    "pk": 2,
    "fields": {
      "user": null,
      "advertisement": 16,
      "is_moderated": false
    }
  },
  {
    "model": "api.advertisementrequestformoderation",
    "pk": 3,
    "fields": {
      "user": null,
      "advertisement": 17,
      "is_moderated": false
    }
  },
  {
    "model": "api.advertisementrequestformoderation",
    "pk": 4,
    "fields": {
      "user": null,
      "advertisement": 18,
      "is_moderated": false
    }
  },
  {
    "model": "api.advertisementrequestformoderation",
    "pk": 5,
    "fields": {
      "user": null,
      "advertisement": 19,
      "is_moderated": false
    }
  },
  {
    "model": "api.advertisementrequestformoderation",
    "pk": 6,
    "fields": {
      "user": null,
      "advertisement": 20,
      "is_moderated": false
    }
  },
  {
    "model": "api.advertisementrequestformoderation",
    "pk": 7,
    "fields": {
      "user": 4,
      "advertisement": 21,
      "is_moderated": false
    }
  },
  {
    "model": "api.advertisementrequestformoderation",
    "pk": 8,
    "fields": {
      "user": 4,
      "advertisement": 22,
      "is_moderated": false
    }
  },
  {
    "model": "api.advertisementrequestformoderation",
    "pk": 9,
    "fields": {
      "user": 4,
      "advertisement": 23,
      "is_moderated": false
    }
  },
  {
    "model": "api.advertisementrequestformoderation",
    "pk": 10,
    "fields": {
      "user": 4,
      "advertisement": 24,
      "is_moderated": false
    }
  },
  {
    "model": "api.advertisementrequestformoderation",
    "pk": 11,
    "fields": {
      "user": 4,
      "advertisement": 25,
      "is_moderated": false
    }
  },
  {
    "model": "api.advertisementrequestformoderation",
    "pk": 12,
    "fields": {
      "user": 4,
      "advertisement": 26,
      "is_moderated": false
    }
  },
  {
    "model": "api.advertisementrequestformoderation",
    "pk": 13,
    "fields": {
      "user": 4,
      "advertisement": 27,
      "is_moderated": false
    }
  },
  {
    "model": "api.advertisementrequestformoderation",
    "pk": 14,
    "fields": {
      "user": 4,
      "advertisement": 28,
      "is_moderated": false
    }
  },
  {
    "model": "api.advertisementrequestformoderation",
    "pk": 15,
    "fields": {
      "user": 4,
      "advertisement": 29,
      "is_moderated": false
    }
  },
  {
    "model": "api.advertisementrequestformoderation",
    "pk": 16,
    "fields": {
      "user": 4,
      "advertisement": 30,
      "is_moderated": false
    }
  },
  {
    "model": "api.advertisementrequestformoderation",
    "pk": 17,
    "fields": {
      "user": 4,
      "advertisement": 31,
      "is_moderated": false
    }
  },
  {
    "model": "api.advertisementrequestformoderation",
    "pk": 18,
    "fields": {
      "user": 4,
      "advertisement": 32,
      "is_moderated": false
    }
  },
  {
    "model": "api.advertisementrequestformoderation",
    "pk": 19,
    "fields": {
      "user": 4,
      "advertisement": 33,
      "is_moderated": false
    }
  },
  {
    "model": "api.advertisementrequestformoderation",
    "pk": 20,
    "fields": {
      "user": 4,
      "advertisement": 33,
      "is_moderated": false
    }
  },
  {
    "model": "api.advertisementrequestformoderation",
    "pk": 21,
    "fields": {
      "user": 4,
      "advertisement": 30,
      "is_moderated": false
    }
  },
  {
    "model": "api.advertisementrequestformoderation",
    "pk": 22,
    "fields": {
      "user": 4,
      "advertisement": 25,
      "is_moderated": false
    }
  },
  {
    "model": "api.advertisementrequestformoderation",
    "pk": 23,
    "fields": {
      "user": 4,
      "advertisement": 24,
      "is_moderated": false
    }
  },
  {
    "model": "api.advertisementrequestformoderation",
    "pk": 24,
    "fields": {
      "user": 4,
      "advertisement": 22,
      "is_moderated": false
    }
  },
  {
    "model": "api.advertisement",
    "pk": 1,
    "fields": {
      "name": "Объявление 1",
      "description": "Описание 1",
      "district": 1,
      "address": null,
      "property_type": "new",
      "operation_type": null,
      "price": 1300,
      "is_studio": false,
      "rooms_qty_from": 1,
      "rooms_qty_to": 5,
      "quadrature_from": 50,
      "quadrature_to": 100,
      "floor_from": 1,
      "floor_to": 5,
      "repair_type": "with",
      "creation_year": 0,
      "auction_allowed": true,
      "category": 1,
      "user": null,
      "is_moderated": false
    }
  },
  {
    "model": "api.advertisement",
    "pk": 2,
    "fields": {
      "name": "Объявление 2",
      "description": "Описание 2",
      "district": 2,
      "address": null,
      "property_type": "old",
      "operation_type": null,
      "price": 1200,
      "is_studio": false,
      "rooms_qty_from": 2,
      "rooms_qty_to": 4,
      "quadrature_from": 50,
      "quadrature_to": 100,
      "floor_from": 1,
      "floor_to": 5,
      "repair_type": "without",
      "creation_year": 0,
      "auction_allowed": false,
      "category": 2,
      "user": null,
      "is_moderated": false
    }
  },
  {
    "model": "api.advertisement",
    "pk": 3,
    "fields": {
      "name": "title",
      "description": "description",
      "district": 4,
      "address": null,
      "property_type": "",
      "operation_type": null,
      "price": 1000,
      "is_studio": false,
      "rooms_qty_from": 1,
      "rooms_qty_to": 4,
      "quadrature_from": 2,
      "quadrature_to": 3,
      "floor_from": 1,
      "floor_to": 2,
      "repair_type": "with",
      "creation_year": 0,
      "auction_allowed": false,
      "category": 1,
      "user": null,
      "is_moderated": false
    }
  },
  {
    "model": "api.advertisement",
    "pk": 4,
    "fields": {
      "name": "Title",
      "description": "Description",
      "district": 5,
      "address": null,
      "property_type": "",
      "operation_type": null,
      "price": 1300,
      "is_studio": false,
      "rooms_qty_from": 1,
      "rooms_qty_to": 5,
      "quadrature_from": 50,
      "quadrature_to": 100,
      "floor_from": 1,
      "floor_to": 5,
      "repair_type": "with",
      "creation_year": 0,
      "auction_allowed": false,
      "category": 1,
      "user": null,
      "is_moderated": false
    }
  },
  {
    "model": "api.advertisement",
    "pk": 5,
    "fields": {
      "name": "Title",
      "description": "Description",
      "district": 4,
      "address": null,
      "property_type": "",
      "operation_type": null,
      "price": 1000,
      "is_studio": false,
      "rooms_qty_from": 1,
      "rooms_qty_to": 3,
      "quadrature_from": 50,
      "quadrature_to": 60,
      "floor_from": 1,
      "floor_to": 3,
      "repair_type": "with",
      "creation_year": 0,
      "auction_allowed": false,
      "category": 3,
      "user": null,
      "is_moderated": false
    }
  },
  {
    "model": "api.advertisement",
    "pk": 6,
    "fields": {
      "name": "Title",
      "description": "Description",
      "district": 4,
      "address": null,
      "property_type": "",
      "operation_type": null,
      "price": 1200,
      "is_studio": false,
      "rooms_qty_from": 1,
      "rooms_qty_to": 3,
      "quadrature_from": 50,
      "quadrature_to": 60,
      "floor_from": 1,
      "floor_to": 5,
      "repair_type": "with",
      "creation_year": 0,
      "auction_allowed": false,
      "category": 3,
      "user": null,
      "is_moderated": false
    }
  },
  {
    "model": "api.advertisement",
    "pk": 7,
    "fields": {
      "name": "Title",
      "description": "Description",
      "district": 1,
      "address": null,
      "property_type": "",
      "operation_type": null,
      "price": 1200,
      "is_studio": false,
      "rooms_qty_from": 1,
      "rooms_qty_to": 4,
      "quadrature_from": 20,
      "quadrature_to": 50,
      "floor_from": 1,
      "floor_to": 3,
      "repair_type": "with",
      "creation_year": 0,
      "auction_allowed": false,
      "category": 1,
      "user": null,
      "is_moderated": false
    }
  },
  {
    "model": "api.advertisement",
    "pk": 8,
    "fields": {
      "name": "Title",
      "description": "Description",
      "district": 1,
      "address": null,
      "property_type": "",
      "operation_type": null,
      "price": 1200,
      "is_studio": false,
      "rooms_qty_from": 1,
      "rooms_qty_to": 3,
      "quadrature_from": 20,
      "quadrature_to": 30,
      "floor_from": 1,
      "floor_to": 3,
      "repair_type": "with",
      "creation_year": 0,
      "auction_allowed": false,
      "category": 2,
      "user": null,
      "is_moderated": false
    }
  },
  {
    "model": "api.advertisement",
    "pk": 9,
    "fields": {
      "name": "Title",
      "description": "Description",
      "district": 3,
      "address": null,
      "property_type": "",
      "operation_type": null,
      "price": 1200,
      "is_studio": false,
      "rooms_qty_from": 1,
      "rooms_qty_to": 3,
      "quadrature_from": 20,
      "quadrature_to": 30,
      "floor_from": 1,
      "floor_to": 3,
      "repair_type": "with",
      "creation_year": 0,
      "auction_allowed": false,
      "category": 2,
      "user": null,
      "is_moderated": false
    }
  },
  {
    "model": "api.advertisement",
    "pk": 10,
    "fields": {
      "name": "Title",
      "description": "Description",
      "district": 1,
      "address": null,
      "property_type": "",
      "operation_type": null,
      "price": 1000,
      "is_studio": false,
      "rooms_qty_from": 1,
      "rooms_qty_to": 2,
      "quadrature_from": 10,
      "quadrature_to": 20,
      "floor_from": 1,
      "floor_to": 3,
      "repair_type": "with",
      "creation_year": 0,
      "auction_allowed": false,
      "category": 1,
      "user": null,
      "is_moderated": false
    }
  },
  {
    "model": "api.advertisement",
    "pk": 11,
    "fields": {
      "name": "new title",
      "description": "description",
      "district": 5,
      "address": null,
      "property_type": "new",
      "operation_type": null,
      "price": 1200,
      "is_studio": false,
      "rooms_qty_from": 2,
      "rooms_qty_to": 4,
      "quadrature_from": 50,
      "quadrature_to": 100,
      "floor_from": 1,
      "floor_to": 3,
      "repair_type": "without",
      "creation_year": 0,
      "auction_allowed": false,
      "category": 2,
      "user": null,
      "is_moderated": false
    }
  },
  {
    "model": "api.advertisement",
    "pk": 12,
    "fields": {
      "name": "новая шикарная 3х комнатная квартира",
      "description": "вообще шикарная ежже",
      "district": 3,
      "address": null,
      "property_type": "new",
      "operation_type": null,
      "price": 1200,
      "is_studio": false,
      "rooms_qty_from": 1,
      "rooms_qty_to": 3,
      "quadrature_from": 20,
      "quadrature_to": 30,
      "floor_from": 1,
      "floor_to": 2,
      "repair_type": "without",
      "creation_year": 0,
      "auction_allowed": true,
      "category": 1,
      "user": null,
      "is_moderated": false
    }
  },
  {
    "model": "api.advertisement",
    "pk": 13,
    "fields": {
      "name": "new fucking title",
      "description": "new description",
      "district": 6,
      "address": null,
      "property_type": "new",
      "operation_type": null,
      "price": 1200,
      "is_studio": false,
      "rooms_qty_from": 1,
      "rooms_qty_to": 3,
      "quadrature_from": 30,
      "quadrature_to": 40,
      "floor_from": 1,
      "floor_to": 3,
      "repair_type": "rough",
      "creation_year": 0,
      "auction_allowed": true,
      "category": 3,
      "user": null,
      "is_moderated": false
    }
  },
  {
    "model": "api.advertisement",
    "pk": 14,
    "fields": {
      "name": "juda yangi title",
      "description": "description of this item",
      "district": 9,
      "address": null,
      "property_type": "new",
      "operation_type": null,
      "price": 1200,
      "is_studio": false,
      "rooms_qty_from": 2,
      "rooms_qty_to": 3,
      "quadrature_from": 20,
      "quadrature_to": 30,
      "floor_from": 2,
      "floor_to": 4,
      "repair_type": "rough",
      "creation_year": 0,
      "auction_allowed": false,
      "category": 1,
      "user": null,
      "is_moderated": false
    }
  },
  {
    "model": "api.advertisement",
    "pk": 15,
    "fields": {
      "name": "asdf",
      "description": "safd",
      "district": 2,
      "address": "safdfdsfd",
      "property_type": "new",
      "operation_type": null,
      "price": 123,
      "is_studio": true,
      "rooms_qty_from": 0,
      "rooms_qty_to": 0,
      "quadrature_from": 10,
      "quadrature_to": 19,
      "floor_from": 1,
      "floor_to": 2,
      "repair_type": "without",
      "creation_year": 0,
      "auction_allowed": false,
      "category": 1,
      "user": 4,
      "is_moderated": false
    }
  },
  {
    "model": "api.advertisement",
    "pk": 16,
    "fields": {
      "name": "new flat in center",
      "description": "description",
      "district": 11,
      "address": "точный адрес локации",
      "property_type": "new",
      "operation_type": null,
      "price": 1200,
      "is_studio": false,
      "rooms_qty_from": 2,
      "rooms_qty_to": 4,
      "quadrature_from": 20,
      "quadrature_to": 30,
      "floor_from": 1,
      "floor_to": 4,
      "repair_type": "rough",
      "creation_year": 0,
      "auction_allowed": true,
      "category": 2,
      "user": null,
      "is_moderated": false
    }
  },
  {
    "model": "api.advertisement",
    "pk": 17,
    "fields": {
      "name": "new new new new",
      "description": "descr",
      "district": 6,
      "address": "new correct location",
      "property_type": "new",
      "operation_type": null,
      "price": 1200,
      "is_studio": false,
      "rooms_qty_from": 2,
      "rooms_qty_to": 4,
      "quadrature_from": 20,
      "quadrature_to": 40,
      "floor_from": 1,
      "floor_to": 2,
      "repair_type": "with",
      "creation_year": 0,
      "auction_allowed": true,
      "category": 3,
      "user": null,
      "is_moderated": false
    }
  },
  {
    "model": "api.advertisement",
    "pk": 18,
    "fields": {
      "name": "asdfsadfsaf",
      "description": "sadf",
      "district": 12,
      "address": "sadf",
      "property_type": "new",
      "operation_type": null,
      "price": 1200,
      "is_studio": false,
      "rooms_qty_from": 20,
      "rooms_qty_to": 30,
      "quadrature_from": 100,
      "quadrature_to": 200,
      "floor_from": 1,
      "floor_to": 3,
      "repair_type": "designed",
      "creation_year": 0,
      "auction_allowed": true,
      "category": 4,
      "user": null,
      "is_moderated": false
    }
  },
  {
    "model": "api.advertisement",
    "pk": 19,
    "fields": {
      "name": "kokokokokokok",
      "description": "okokokokokokok",
      "district": 2,
      "address": "sfsfsfsfaf",
      "property_type": "new",
      "operation_type": null,
      "price": 1000,
      "is_studio": true,
      "rooms_qty_from": 0,
      "rooms_qty_to": 0,
      "quadrature_from": 20,
      "quadrature_to": 40,
      "floor_from": 1,
      "floor_to": 2,
      "repair_type": "designed",
      "creation_year": 0,
      "auction_allowed": true,
      "category": 3,
      "user": null,
      "is_moderated": false
    }
  },
  {
    "model": "api.advertisement",
    "pk": 20,
    "fields": {
      "name": "mkmkmk",
      "description": "kmkmkmkm",
      "district": 12,
      "address": "jkjkjkj",
      "property_type": "new",
      "operation_type": null,
      "price": 1000,
      "is_studio": false,
      "rooms_qty_from": 2,
      "rooms_qty_to": 4,
      "quadrature_from": 25,
      "quadrature_to": 35,
      "floor_from": 1,
      "floor_to": 2,
      "repair_type": "rough",
      "creation_year": 0,
      "auction_allowed": true,
      "category": 2,
      "user": null,
      "is_moderated": false
    }
  },
  {
    "model": "api.advertisement",
    "pk": 21,
    "fields": {
      "name": "new title for",
      "description": "jljljl",
      "district": 9,
      "address": "fdsafsadf",
      "property_type": "old",
      "operation_type": null,
      "price": 1000,
      "is_studio": false,
      "rooms_qty_from": 3,
      "rooms_qty_to": 5,
      "quadrature_from": 10,
      "quadrature_to": 20,
      "floor_from": 1,
      "floor_to": 4,
      "repair_type": "without",
      "creation_year": 0,
      "auction_allowed": false,
      "category": 1,
      "user": 4,
      "is_moderated": false
    }
  },
  {
    "model": "api.advertisement",
    "pk": 22,
    "fields": {
      "name": "zxcv",
      "description": "zxvc",
      "district": 2,
      "address": "sadf",
      "property_type": "new",
      "operation_type": "rent",
      "price": 100,
      "is_studio": true,
      "rooms_qty_from": 0,
      "rooms_qty_to": 0,
      "quadrature_from": 20,
      "quadrature_to": 30,
      "floor_from": 2,
      "floor_to": 4,
      "repair_type": "with",
      "creation_year": 0,
      "auction_allowed": false,
      "category": 1,
      "user": 4,
      "is_moderated": false
    }
  },
  {
    "model": "api.advertisement",
    "pk": 23,
    "fields": {
      "name": "asdsadasdasd",
      "description": "dadadada",
      "district": 2,
      "address": "xzvxv",
      "property_type": "old",
      "operation_type": null,
      "price": 123,
      "is_studio": false,
      "rooms_qty_from": 4,
      "rooms_qty_to": 5,
      "quadrature_from": 30,
      "quadrature_to": 50,
      "floor_from": 1,
      "floor_to": 3,
      "repair_type": "rough",
      "creation_year": 0,
      "auction_allowed": false,
      "category": 2,
      "user": 4,
      "is_moderated": false
    }
  },
  {
    "model": "api.advertisement",
    "pk": 24,
    "fields": {
      "name": "22",
      "description": "33",
      "district": 1,
      "address": "ss",
      "property_type": "new",
      "operation_type": "buy",
      "price": 111,
      "is_studio": true,
      "rooms_qty_from": 0,
      "rooms_qty_to": 0,
      "quadrature_from": 20,
      "quadrature_to": 30,
      "floor_from": 1,
      "floor_to": 3,
      "repair_type": "pre_finished",
      "creation_year": 0,
      "auction_allowed": true,
      "category": 1,
      "user": 4,
      "is_moderated": false
    }
  },
  {
    "model": "api.advertisement",
    "pk": 25,
    "fields": {
      "name": "333",
      "description": "111",
      "district": 4,
      "address": "qwe",
      "property_type": "new",
      "operation_type": "rent",
      "price": 123,
      "is_studio": true,
      "rooms_qty_from": 0,
      "rooms_qty_to": 0,
      "quadrature_from": 40,
      "quadrature_to": 50,
      "floor_from": 1,
      "floor_to": 2,
      "repair_type": "pre_finished",
      "creation_year": 0,
      "auction_allowed": true,
      "category": 2,
      "user": 4,
      "is_moderated": false
    }
  },
  {
    "model": "api.advertisement",
    "pk": 26,
    "fields": {
      "name": "re",
      "description": "er",
      "district": 9,
      "address": "sfd",
      "property_type": "old",
      "operation_type": null,
      "price": 432,
      "is_studio": false,
      "rooms_qty_from": 2,
      "rooms_qty_to": 3,
      "quadrature_from": 10,
      "quadrature_to": 20,
      "floor_from": 1,
      "floor_to": 3,
      "repair_type": "without",
      "creation_year": 0,
      "auction_allowed": false,
      "category": 1,
      "user": 4,
      "is_moderated": false
    }
  },
  {
    "model": "api.advertisement",
    "pk": 27,
    "fields": {
      "name": "erer",
      "description": "rere",
      "district": 9,
      "address": "asdf",
      "property_type": "old",
      "operation_type": null,
      "price": 222,
      "is_studio": true,
      "rooms_qty_from": 0,
      "rooms_qty_to": 0,
      "quadrature_from": 30,
      "quadrature_to": 40,
      "floor_from": 1,
      "floor_to": 3,
      "repair_type": "designed",
      "creation_year": 0,
      "auction_allowed": false,
      "category": 1,
      "user": 4,
      "is_moderated": false
    }
  },
  {
    "model": "api.advertisement",
    "pk": 28,
    "fields": {
      "name": "its new title",
      "description": "its new description",
      "district": 11,
      "address": "new address",
      "property_type": "new",
      "operation_type": null,
      "price": 2000,
      "is_studio": false,
      "rooms_qty_from": 3,
      "rooms_qty_to": 4,
      "quadrature_from": 40,
      "quadrature_to": 50,
      "floor_from": 1,
      "floor_to": 4,
      "repair_type": "with",
      "creation_year": 0,
      "auction_allowed": true,
      "category": 1,
      "user": 4,
      "is_moderated": false
    }
  },
  {
    "model": "api.advertisement",
    "pk": 29,
    "fields": {
      "name": "new title for this shit",
      "description": "new description for this shit",
      "district": 2,
      "address": "new address for this shit",
      "property_type": "old",
      "operation_type": null,
      "price": 1200,
      "is_studio": false,
      "rooms_qty_from": 3,
      "rooms_qty_to": 4,
      "quadrature_from": 40,
      "quadrature_to": 50,
      "floor_from": 2,
      "floor_to": 3,
      "repair_type": "designed",
      "creation_year": 0,
      "auction_allowed": true,
      "category": 4,
      "user": 4,
      "is_moderated": false
    }
  },
  {
    "model": "api.advertisement",
    "pk": 30,
    "fields": {
      "name": "new title for this shit",
      "description": "new description for this shit",
      "district": 6,
      "address": "new address for this shit",
      "property_type": "old",
      "operation_type": "buy",
      "price": 1200,
      "is_studio": true,
      "rooms_qty_from": 0,
      "rooms_qty_to": 0,
      "quadrature_from": 30,
      "quadrature_to": 40,
      "floor_from": 1,
      "floor_to": 3,
      "repair_type": "designed",
      "creation_year": 0,
      "auction_allowed": true,
      "category": 1,
      "user": 4,
      "is_moderated": false
    }
  },
  {
    "model": "api.advertisement",
    "pk": 31,
    "fields": {
      "name": "title",
      "description": "desc",
      "district": 9,
      "address": "sadf",
      "property_type": "old",
      "operation_type": null,
      "price": 1000,
      "is_studio": true,
      "rooms_qty_from": 0,
      "rooms_qty_to": 0,
      "quadrature_from": 20,
      "quadrature_to": 30,
      "floor_from": 1,
      "floor_to": 3,
      "repair_type": "with",
      "creation_year": 0,
      "auction_allowed": true,
      "category": 1,
      "user": 4,
      "is_moderated": false
    }
  },
  {
    "model": "api.advertisement",
    "pk": 32,
    "fields": {
      "name": "new kok",
      "description": "new desc",
      "district": 6,
      "address": "fdsa",
      "property_type": "old",
      "operation_type": null,
      "price": 1200,
      "is_studio": false,
      "rooms_qty_from": 3,
      "rooms_qty_to": 4,
      "quadrature_from": 30,
      "quadrature_to": 40,
      "floor_from": 1,
      "floor_to": 3,
      "repair_type": "designed",
      "creation_year": 0,
      "auction_allowed": false,
      "category": 1,
      "user": 4,
      "is_moderated": false
    }
  },
  {
    "model": "api.advertisement",
    "pk": 33,
    "fields": {
      "name": "nononononon",
      "description": "ononononon",
      "district": 2,
      "address": "m;m;m;m;m;",
      "property_type": "new",
      "operation_type": "buy",
      "price": 123,
      "is_studio": true,
      "rooms_qty_from": 0,
      "rooms_qty_to": 0,
      "quadrature_from": 20,
      "quadrature_to": 30,
      "floor_from": 1,
      "floor_to": 3,
      "repair_type": "with",
      "creation_year": 0,
      "auction_allowed": true,
      "category": 4,
      "user": 4,
      "is_moderated": false
    }
  },
  {
    "model": "api.advertisementgallery",
    "pk": 1,
    "fields": {
      "advertisement": 1,
      "photo": "gallery/1.jpg"
    }
  },
  {
    "model": "api.advertisementgallery",
    "pk": 2,
    "fields": {
      "advertisement": 1,
      "photo": "gallery/1_ESH4XrB.jpg"
    }
  },
  {
    "model": "api.advertisementgallery",
    "pk": 3,
    "fields": {
      "advertisement": 33,
      "photo": "gallery/file_12.jpg"
    }
  },
  {
    "model": "api.advertisementgallery",
    "pk": 4,
    "fields": {
      "advertisement": 33,
      "photo": "gallery/file_11.jpg"
    }
  },
  {
    "model": "api.userrequest",
    "pk": 1,
    "fields": {
      "first_name": "Ильдар",
      "operation_type": "buy",
      "object_type": "house",
      "phone_number": "+998900375350",
      "message": "хочу дом с видом на море"
    }
  }
]